<?xml version="1.0" encoding="UTF-8"?>

<beans xmlns="http://www.springframework.org/schema/beans"
	xmlns:xsi="http://www.w3.org/2001/XMLSchema-instance"
	xsi:schemaLocation="http://www.springframework.org/schema/beans 
	https://www.springframework.org/schema/beans/spring-beans-4.3.xsd">
	
<bean id="dmds"  class="org.springframework.jdbc.datasource.DriverManagerDataSource">
	     <property name="driverClassName" value="oracle.jdbc.driver.OracleDriver"/>
	     <property name="url"  value="jdbc:oracle:thin:@localhost:1521:xe"/>
	     <property name="username" value="system"/>
	     <property name="password" value="system"/>
</bean>

 <bean id="pdao"   class="com.bt.dao.PatientDaoImpl">
	       <constructor-arg name="ds"  ref="dmds"/>
</bean>

<!-- service class cfg -->
	 <bean id="Service"  class="com.bt.service.PatientMgmtServiceImpl">
	      <constructor-arg name="dao" ref="pdao"/>
	     
	 </bean>
	 
	 <!-- Controller class cfg -->
	 <bean id="controller"  class="com.bt.controller.MainController">
	         <constructor-arg  name="service" ref="Service"/>
	 </bean>
	
	
</beans>
